module_name,repo count
time,76
selenium,57
os,43
random,43
requests,32
selenium.webdriver.common.keys,25
threading,21
selenium.webdriver.common.by,20
sys,19
webbrowser,18
selenium.webdriver.chrome.options,17
json,17
datetime,16
platform,15
string,15
re,14
selenium.webdriver.support.ui,14
argparse,13
selenium.webdriver.support,13
queue,12
logging,12
subprocess,11
selenium.common.exceptions,11
glob,10
pyautogui,9
selenium.webdriver.common.proxy,9
bs4,9
calendar,8
hashlib,8
urllib.request,8
contextlib,8
socket,8
shutil,8
io,8
colorama,8
zipfile,7
multiprocessing,7
concurrent.futures,7
asyncio,6
controller,6
numpy,6
utils,6
math,6
selenium.webdriver.common.desired_capabilities,6
base64,6
warnings,6
ctypes,6
pickle,6
textwrap,6
urllib.parse,5
sqlite3,5
api,5
constants,5
collections,5
exceptions,5
os.path,5
traceback,5
config,5
flask,5
fake_useragent,5
selenium.webdriver.common.action_chains,5
selenium.webdriver.firefox.firefox_binary,4
structures,4
pip._internal.network.cache,4
pip._internal.self_outdated_check,4
euckrfreq,4
OpenSSL.SSL,4
langthaimodel,4
pip._vendor,4
codingstatemachine,4
gzip,4
langturkishmodel,4
base,4
setuptools.extern.packaging.version,4
setuptools.extern.packaging.utils,4
req_install,4
big5prober,4
distutils.log,4
gb2312freq,4
ansitowin32,4
mbcssm,4
core,4
pip._internal.locations,4
distutils.file_util,4
getpass,4
distutils.command.install,4
locale,4
pip._vendor.urllib3.fields,4
status_codes,4
langbulgarianmodel,4
pip._internal.utils.glibc,4
langhebrewmodel,4
pip._vendor.packaging,4
uuid,4
escsm,4
py,4
serialize,4
pip._internal.cli.command_context,4
__future__,4
pip._internal.req.req_install,4
pip._internal.cache,4
setuptools.dep_util,4
setuptools.sandbox,4
poolmanager,4
pip._vendor.packaging.specifiers,4
sbcharsetprober,4
pip._internal.cli.main_parser,4
setuptools,4
pip._internal.utils.packaging,4
plistlib,4
pip._internal.operations.install.editable_legacy,4
cryptography.hazmat.backends.openssl.x509,4
distutils.command.build_ext,4
markers,4
pip._internal.distributions,4
cryptography.hazmat.backends.openssl,4
pip._internal.build_env,4
pip._internal.operations.build.metadata_legacy,4
abc,4
email,4
_collections,4
pip._internal.vcs.mercurial,4
envbuild,4
setuptools.monkey,4
pip._vendor.requests.auth,4
pip._internal.vcs.git,4
pip._internal.exceptions,4
distutils.dir_util,4
pip._vendor.urllib3.response,4
pip._internal.utils.compat,4
lxml.etree,4
initialise,4
util.ssl_,4
response,4
pip._internal.network.download,4
pip._vendor.cachecontrol.adapter,4
stat,4
latin1prober,4
mimetypes,4
__about__,4
pip,4
packages.ssl_match_hostname,4
distutils.spawn,4
jpcntx,4
setuptools.unicode_utils,4
pkgutil,4
ansi,4
wheel,4
codec,4
packages.six.moves.urllib.parse,4
pip._vendor.certifi,4
pip._internal.distributions.sdist,4
distutils.core,4
pip._internal.utils.filesystem,4
struct,4
escprober,4
timeout,4
models,4
packages.six,4
pip._internal.cli,4
pip._vendor.requests.exceptions,4
pip._internal.operations.install.legacy,4
heapq,4
setuptools.depends,4
pip._vendor.cachecontrol.cache,4
pip._internal.utils.deprecation,4
pip._internal.network.xmlrpc,4
pip._internal.cli.status_codes,4
util.timeout,4
pip._internal.utils.models,4
charsetgroupprober,4
html,4
pip._vendor.progress.bar,4
gb2312prober,4
pip._internal.utils.inject_securetransport,4
inspect,4
distutils,4
metadata,4
numbers,4
pip._internal.operations.build.wheel_legacy,4
distutils.filelist,4
logging.config,4
_compat,4
pip._vendor.urllib3.exceptions,4
connectionpool,4
pip._internal.models.format_control,4
file_cache,4
ssl,4
pip._vendor.pyparsing,4
pip._internal.operations.prepare,4
_deprecation_warning,4
setuptools.wheel,4
chardistribution,4
database,4
site,4
setuptools.extern.packaging.tags,4
distutils.command.build_clib,4
lxml,4
treebuilders.etree,4
ssl_,4
pip._internal.distributions.base,4
distutils.command.sdist,4
_inputstream,4
pip._internal.req.req_uninstall,4
sbcsgroupprober,4
setuptools.archive_util,4
pip._internal.network.auth,4
signal,4
pip._internal.commands,4
pip._internal.configuration,4
pip._vendor.progress.spinner,4
pip._internal.network.utils,4
distutils.dist,4
pip._internal.cli.parser,4
zlib,4
package_data,4
pip._internal.operations.check,4
pip._internal.utils,4
pip._internal.req,4
distutils.dep_util,4
_internal_utils,4
enums,4
compileall,4
packages,4
request,4
redis_cache,4
configparser,4
pip._internal.operations.build.wheel,4
email.utils,4
genshi.core,4
pip._internal.network.session,4
monkey,4
util.retry,4
pip._internal.utils.encoding,4
pathlib,4
pip._vendor.cachecontrol.controller,4
pkg_resources.extern.pyparsing,4
setuptools.command.egg_info,4
_structures,4
distutils.cmd,4
url,4
distutils.command.bdist,4
selenium.webdriver.firefox.firefox_profile,4
fnmatch,4
py_compile,4
pip._vendor.chardet.compat,4
winterm,4
importlib.util,4
jisfreq,4
serializer,4
cgi,4
pip._vendor.requests.structures,4
pip._internal.utils.hashes,4
retry,4
select,4
util.url,4
cache,4
email.parser,4
pip._vendor.pep517.wrappers,4
pip._vendor.six,4
pip._vendor.urllib3.util.retry,4
distutils.debug,4
setuptools.command.setopt,4
version,4
_typing,4
distutils.command.bdist_rpm,4
packages.six.moves.http_client,4
setuptools.command,4
pip._internal.models.search_scope,4
setuptools.version,4
euctwfreq,4
codecs,4
req_file,4
sysconfig,4
setuptools.dist,4
__version__,4
tempfile,4
pip._internal.cli.main,4
pip._internal.operations.freeze,4
types,4
functools,4
tokenize,4
labels,4
auth,4
distutils.version,4
distutils.util,4
pip._internal.vcs.bazaar,4
pip._internal.vcs,4
win32,4
pip._internal.cli.autocompletion,4
pip._vendor.packaging.utils,4
wait,4
tarfile,4
pip._vendor.packaging.version,4
pip._vendor.requests.utils,4
distutils.errors,4
pip._internal.models.candidate,4
pip._vendor.packaging.tags,4
pip._internal.utils.subprocess,4
six,4
setuptools.extern.packaging.specifiers,4
_base,4
posixpath,4
euctwprober,4
pip._internal.vcs.versioncontrol,4
setuptools.extern,4
pip._internal.utils.filetypes,4
pip._internal.utils.urls,4
importlib.machinery,4
ipaddress,4
copy,4
fields,4
pip._internal.wheel_builder,4
operator,4
pip._internal.distributions.wheel,4
zipimport,4
wrapper,4
cryptography,4
distutils.fancy_getopt,4
distutils.sysconfig,4
unittest,4
pip._vendor.cachecontrol,4
pip._internal.req.constructors,4
wrappers,4
_trie,4
unicodedata,4
utf8prober,4
pip._internal.req.req_file,4
euckrprober,4
imp,4
pprint,4
treewalkers,4
setuptools.extern.pyparsing,4
pip._internal.index.package_finder,4
sre_constants,4
distutils.command.install_lib,4
setuptools.package_index,4
pip._internal.utils.distutils_args,4
pip._vendor.pkg_resources,4
util.response,4
pip._internal.utils.misc,4
util.request,4
html5parser,4
py36compat,4
util.connection,4
setuptools.extension,4
binascii,4
mbcsgroupprober,4
build,4
dis,4
weakref,4
filewrapper,4
pkg_resources,4
pip._internal.cli.req_command,4
pip._internal.models.index,4
util,4
packages.six.moves,4
_securetransport.bindings,4
pip._vendor.distlib.scripts,4
pip._internal.pyproject,4
pip._internal.operations.install.wheel,4
urllib,4
distutils.ccompiler,4
pip._internal.models.link,4
filepost,4
pip._internal.utils.setuptools_build,4
pip._internal.models.selection_prefs,4
charsetprober,4
pip._vendor.packaging.markers,4
importlib,4
treebuilders.base,4
eucjpprober,4
adapters,4
universaldetector,4
util.queue,4
pip._vendor.chardet,4
pip._vendor.distlib.util,4
errno,4
distutils.command.install_scripts,4
big5freq,4
specifiers,4
sjisprober,4
connection,4
treebuilders,4
setuptools.errors,4
pip._internal.cli.base_command,4
intranges,4
compat,4
pip._vendor.progress,4
req_set,4
pip._internal.utils.temp_dir,4
pip._vendor.urllib3.poolmanager,4
pip._internal.distributions.installed,4
sessions,4
bindings,4
hooks,4
distutils.command.build_py,4
bisect,4
pip._internal.operations.build.metadata,4
resources,4
pip._vendor.chardet.universaldetector,4
py34compat,4
http.client,4
upload,4
dirtools,4
cookies,4
pip._internal.cli.cmdoptions,4
itertools,4
adapter,4
pip._internal.models.scheme,4
ntpath,4
csv,4
pip._internal.models.wheel,4
mbcharsetprober,4
pip._vendor.urllib3.util,4
hebrewprober,4
pip._internal.vcs.subversion,4
distutils.command,4
cp949prober,4
pip._vendor.packaging.requirements,4
pip._vendor.six.moves,4
pip._vendor.requests.adapters,4
collections.abc,4
pip._internal.index.collector,4
setuptools.config,4
distutils.command.register,4
pip._internal.models.target_python,4
colorlog,4
builtins,4
atexit,4
shlex,4
distutils.command.build_scripts,4
selenium.webdriver.chrome.webdriver,4
optparse,4
encodings.idna,4
pip._internal.utils.virtualenv,4
_utils,4
pip._internal.utils.unpacking,4
ctypes.util,4
contrib,4
pip._internal.utils.logging,4
pip._vendor.requests.models,4
langgreekmodel,4
pip._internal.utils.wheel,4
_securetransport.low_level,4
pip._vendor.urllib3.filepost,4
pkg_resources.extern,4
distutils.extension,4
hmac,4
logging.handlers,4
marshal,4
setuptools.command.sdist,4
setuptools.command.easy_install,4
typing,4
setuptools.glob,4
xml.dom,4
pip._vendor.cachecontrol.caches,4
_version,4
pip._internal.utils.pkg_resources,4
xml.sax.saxutils,4
ntlm,4
xml.sax.xmlreader,4
pip._internal.req.req_tracker,4
undetected_chromedriver.patcher,4
fake_headers,4
selenium.webdriver.chrome.service,4
webdriver_manager.chrome,4
selenium.webdriver.remote.webdriver,3
selenium.webdriver.common.alert,3
pip._internal.utils.parallel,3
distutils.text_file,3
selenium.webdriver.common.html5.application_cache,3
colors,3
common.action_chains,3
pip._internal.utils.direct_url_helpers,3
pip._vendor.urllib3.packages.six,3
factory,3
_distutils_hack.override,3
distutils.config,3
email.errors,3
py35compat,3
event_firing_webdriver,3
pointer_actions,3
distutils.unixccompiler,3
selenium.webdriver.remote.remote_connection,3
file_detector,3
reporters,3
urllib.error,3
errors,3
common.proxy,3
structs,3
pip._internal.req.req_set,3
interaction,3
pip._internal.cli.progress_bars,3
options,3
safari.webdriver,3
opera.webdriver,3
pip._internal.resolution.resolvelib.provider,3
candidates,3
firefox.options,3
edge.webdriver,3
webkitgtk.webdriver,3
pip._internal.network.lazy_wheel,3
mouse_button,3
webkitgtk.options,3
ie.options,3
firefox.firefox_profile,3
switch_to,3
remote.webdriver,3
firefox_profile,3
_imp,3
firefox_binary,3
ie.webdriver,3
errorhandler,3
key_actions,3
xml.etree.ElementTree,3
webelement,3
selenium.webdriver.remote.webelement,3
unittest.mock,3
enum,3
input_device,3
multiprocessing.dummy,3
actions.action_builder,3
ast,3
lib2to3.refactor,3
service,3
urllib3,3
pip._internal.utils.compatibility_tags,3
remote_connection,3
pandas,3
getopt,3
pip._internal.resolution.base,3
util.proxy,3
ext,3
selenium.webdriver.common,3
pip._vendor.resolvelib.reporters,3
pip._vendor.resolvelib.providers,3
msilib,3
firefox.webdriver,3
abstract_event_listener,3
key_input,3
resolvers,3
tags,3
winreg,3
pip._internal.resolution.resolvelib.reporter,3
common.desired_capabilities,3
gc,3
chrome.webdriver,3
selenium.webdriver.common.utils,3
mobile,3
chrome.options,3
pip._vendor.urllib3.packages,3
pip._internal.models.direct_url,3
pip._vendor.resolvelib,3
pip._internal.cli.spinners,3
command,3
pip._vendor.chardet.sbcharsetprober,3
found_candidates,3
langrussianmodel,3
providers,3
pointer_input,3
selenium.webdriver.remote.command,3
requirements,3
undetected_chromedriver,3
selenium.webdriver,3
psutil,3
requests.exceptions,3
socks,3
http_request_randomizer.requests.proxy.requestProxy,3
tkinter,3
tornado,3
certifi,3
concurrent,3
selenium.webdriver.firefox.options,3
watcher,2
utils.utils,2
stem,2
stem.control,2
pytz,2
pip._vendor.toml,2
build_py,2
proxy,2
_exceptions,2
six.moves,2
android.webdriver,2
distutils.command.bdist_wininst,2
array,2
doctest,2
_common,2
dataclasses,2
pip._internal.utils.typing,2
pip._vendor.distlib.compat,2
blackberry.webdriver,2
urllib3.packages.six,2
common.touch_actions,2
pip._vendor.toml.decoder,2
extension_connection,2
ctypes.wintypes,2
filters,2
phantomjs.webdriver,2
urllib3.packages,2
pytest,2
cffi,2
pip._vendor.contextlib2,2
pip._vendor.retrying,2
urllib3.exceptions,2
pip._vendor.toml.tz,2
decimal,2
openpyxl,2
copyreg,2
concurrent.futures.thread,2
website,2
bypass,2
youtubeviewer.load_files,2
youtubeviewer.database,2
youtubeviewer.download_driver,2
youtubeviewer,2
undetected_chromedriver._compat,2
features,2
youtubeviewer.basics,2
youtubeviewer.config,2
youtubeviewer.proxies,2
tabulate,2
google_auth_oauthlib.flow,2
googleapiclient.discovery,2
tweepy,2
googleapiclient.errors,2
core.tor,2
core.queue,2
core.browser,2
lib.queue,2
mechanize,2
lib.browser,2
http.cookiejar,2
lib.spyder,2
discord,2
discord.ext,2
pafy,2
pdb,2
telegram.ext,2
telegram,2
cryptography.exceptions,2
cryptography.hazmat.backends.openssl.x25519,2
cryptography.hazmat.backends.openssl.ec,2
linecache,2
cryptography.hazmat.backends.openssl.hmac,2
cryptography.hazmat.primitives.serialization,2
commontypes,2
cryptography.hazmat.primitives.ciphers,2
cryptography.x509.certificate_transparency,2
cryptography.hazmat.primitives,2
cryptography.hazmat.primitives.asymmetric.ed448,2
cryptography.hazmat.primitives.asymmetric.ed25519,2
cryptography.x509.extensions,2
cryptography.hazmat.primitives.twofactor.hotp,2
cryptography.hazmat.primitives.asymmetric,2
cryptography.hazmat.primitives.kdf,2
plyparser,2
cryptography.hazmat._oid,2
cryptography.hazmat.backends.openssl.x448,2
cryptography.hazmat.primitives.ciphers.modes,2
cryptography.hazmat.primitives.twofactor,2
cryptography.hazmat.primitives.ciphers.base,2
cryptography.hazmat.primitives.asymmetric.padding,2
cryptography.hazmat.primitives.serialization.base,2
cryptography.hazmat.primitives.hashes,2
cryptography.hazmat.primitives.ciphers.algorithms,2
cryptography.hazmat.bindings._openssl,2
c_ast,2
cryptography.x509.general_name,2
cryptography.hazmat.backends.openssl.utils,2
cryptography.x509,2
cryptography.hazmat.backends.openssl.ed25519,2
cffi_opcode,2
cryptography.hazmat.backends.openssl.hashes,2
cryptography.hazmat.backends.openssl.poly1305,2
cryptography.hazmat.primitives.asymmetric.rsa,2
cryptography.hazmat.backends.openssl.ciphers,2
cryptography.hazmat.backends.openssl.dsa,2
error,2
cryptography.x509.oid,2
pycparser,2
lock,2
ast_transforms,2
cryptography.x509.base,2
cryptography.hazmat.backends.openssl.ed448,2
_ast_gen,2
cryptography.hazmat.backends.openssl.dh,2
cryptography.hazmat.backends.openssl.backend,2
cryptography.hazmat.bindings.openssl,2
c_parser,2
cryptography.hazmat.backends.openssl.cmac,2
cryptography.__about__,2
cryptography.hazmat.bindings.openssl._conditional,2
yacctab,2
cryptography.x509.name,2
cryptography.hazmat.primitives.asymmetric.x25519,2
cryptography.utils,2
cryptography.hazmat.primitives.constant_time,2
c_lexer,2
html.entities,2
ply.lex,2
cryptography.hazmat.backends.openssl.rsa,2
cryptography.hazmat.primitives.asymmetric.ec,2
cryptography.hazmat.primitives.asymmetric.x448,2
cryptography.hazmat.primitives.serialization.ssh,2
lextab,2
cryptography.hazmat.primitives.hmac,2
cryptography.hazmat.primitives.asymmetric.utils,2
ply,2
stop,2
sources,2
in_process,2
after,2
before_sleep,2
more,2
pip._internal.metadata,2
xmlrpc.client,2
pip._vendor.urllib3.connectionpool,2
idna,2
pip._vendor.tenacity,2
nltk,2
recipes,2
pip._vendor.resolvelib.structs,2
pip._vendor.requests,2
before,2
email.message,2
setuptools.extern.more_itertools,2
nap,2
firefoxcontrol,1
torcontrol,1
hypothesis.extra.dateutil,1
numpy.distutils.ccompiler,1
pandas.tests.extension.base,1
pandas.io.pickle,1
openpyxl.styles.named_styles,1
effect,1
numpy.lib.arraypad,1
constructors,1
pandas.io.spss,1
pandas.api.indexers,1
pandas.core.window.expanding,1
_pocketfft,1
pandas.core.reshape.melt,1
numpy.distutils.system_info,1
pandas.core.config_init,1
openpyxl.worksheet._writer,1
pandas.core.algorithms,1
pandas.io.json._json,1
openpyxl.workbook.external_reference,1
matplotlib.dates,1
pandas._libs.groupby,1
numpy.distutils.ccompiler_opt,1
pandas.io.excel,1
numpy.core,1
pandas.core.computation.api,1
compdoc,1
openpyxl.packaging.workbook,1
numpy.core._rational_tests,1
pie_chart,1
pandas.core.arrays.numpy_,1
pandas.core.indexers,1
pandas._libs.interval,1
pandas.io.sas,1
pandas.core.reshape.reshape,1
marker,1
openpyxl.packaging.relationship,1
numpy.core.function_base,1
numpy.f2py.crackfortran,1
numpy.core.tests.test_overrides,1
differential,1
fills,1
numpy.core.umath,1
numpy.distutils.conv_template,1
pandas.core.window.indexers,1
fonts,1
pandas.core.tools.timedeltas,1
pandas._libs.writers,1
openpyxl.utils,1
openpyxl.workbook.function_group,1
defchararray,1
pyperclip,1
mouseinfo,1
pandas._config.localization,1
openpyxl.styles.table,1
openpyxl.drawing.line,1
test_numeric,1
openpyxl.utils.protection,1
mtrand,1
_private,1
numpy.polynomial.laguerre,1
pygetwindow,1
defined_name,1
pandas.core.reshape.tile,1
einsumfunc,1
numpy.lib.type_check,1
radar_chart,1
pandas.core.indexing,1
nose.plugins.base,1
numpy.distutils.command.autodist,1
fileinput,1
groupby,1
pytz.exceptions,1
pandas.core.window.ewm,1
hypothesis.extra.pytz,1
pandas.tests.plotting.common,1
pandas.tests.extension,1
series,1
twodim_base,1
parse,1
pandas.tests.indexes.common,1
openpyxl.drawing.geometry,1
_scalars,1
_mt19937,1
numpy.distutils.numpy_distribution,1
pandas._libs.testing,1
pandas.core.arrays.base,1
numpy.core.numeric,1
tzconversion,1
pandas._libs.tslibs.fields,1
pandas.core.ops.dispatch,1
numpy.f2py.f2py2e,1
numpy.polynomial.hermite,1
numpy.ma.extras,1
test_floats,1
properties,1
memmap,1
pandas.core.indexes.datetimelike,1
pandas.io.excel._odswriter,1
openpyxl.chart.shapes,1
machar,1
pandas._libs.reshape,1
openpyxl.workbook.protection,1
tz,1
pandas.compat,1
pyarrow,1
pandas.core.groupby.groupby,1
isoparser,1
openpyxl.workbook.web,1
layout,1
relation,1
hermite_e,1
pandas.core.ops.array_ops,1
xldate,1
shapes,1
openpyxl.utils.escape,1
pandas.core.ops.mask_ops,1
numpy.distutils,1
bubble_chart,1
pandas._libs.tslibs.timestamps,1
pandas.core.arrays.interval,1
pandas.core.arrays.masked,1
pandas.tseries.holiday,1
arrayterator,1
openpyxl.styles.cell_style,1
numpy.compat._inspect,1
picture,1
system_info,1
numpy.core._dtype,1
pandas.plotting._matplotlib.style,1
token,1
_asarray,1
numpy.distutils.fcompiler,1
descriptors,1
hypothesis.strategies,1
numpy.core.overrides,1
tracemalloc,1
openpyxl.workbook.properties,1
defmatrix,1
pandas.core.arrays.datetimelike,1
hypothesis,1
openpyxl.worksheet.copier,1
sheet,1
_private.nosetester,1
pandas.io.excel._util,1
_generator,1
pandas.core.arrays,1
pandas.core.window.common,1
pandas.io.sas.sas_constants,1
external,1
pandas.testing,1
numpy.core._internal,1
numpy.core._multiarray_umath,1
pandas.io.formats.latex,1
interface,1
numpy.testing,1
pandas._libs.json,1
jdcal,1
pandas.io.formats.style,1
numpy.lib.nanfunctions,1
pandas.core.indexes,1
pandas.io.sas._sas,1
serialisable,1
header_footer,1
pytz.tzfile,1
dtype,1
numpy.lib,1
scatter_chart,1
pandas.io.json._normalize,1
dimensions,1
common,1
pandas.plotting._matplotlib.tools,1
hermite,1
pymsgbox,1
numpy.polynomial.polynomial,1
Quartz,1
pandas.core.construction,1
pandas.core.internals.managers,1
nose.plugins,1
matplotlib.artist,1
pandas.api.extensions,1
pandas.core.indexes.multi,1
pandas.core.indexes.period,1
openpyxl.formula.translate,1
pandas.core.computation.common,1
npy_pkg_config,1
line,1
Xlib.display,1
numpy.distutils.npy_pkg_config,1
pandas.core.array_algos,1
pandas._libs.tslibs.timezones,1
bit_generator,1
matplotlib.colors,1
pandas.core.window.rolling,1
pandas.io.json._table_schema,1
_dtype,1
openpyxl.workbook._writer,1
pydoc,1
openpyxl.worksheet.header_footer,1
pandas.compat._optional,1
pytz.lazy,1
openpyxl.drawing.colors,1
numpy.polynomial.hermite_e,1
_3d,1
openpyxl.pivot.table,1
openpyxl.descriptors.nested,1
numpy.core.records,1
pandas._libs.tslibs.np_datetime,1
openpyxl.pivot.cache,1
pandas.core.series,1
numpy.compat,1
numpy.polynomial.polyutils,1
pandas.core.indexes.base,1
read_only,1
pandas.core.ops.common,1
pandas.io.formats.format,1
pandas._libs,1
pandas.core.indexes.range,1
pandas._config,1
openpyxl.worksheet._write_only,1
numpy._globals,1
pandas.io.excel._xlsxwriter,1
pandas.compat.chainmap,1
pandas.core.indexes.extension,1
test_api,1
pandas.plotting._matplotlib.compat,1
pandas.core.reshape.util,1
openpyxl.styles.fonts,1
pandas.core.tools.numeric,1
formulas,1
numpy.lib.ufunclike,1
matplotlib.ticker,1
pandas.plotting._matplotlib,1
pandas.core.dtypes.base,1
pandas.tests.base.common,1
linalg,1
shape_base,1
casting,1
openpyxl.drawing.text,1
openpyxl.drawing.image,1
_sfc64,1
pandas._libs.join,1
index_tricks,1
pandas.core.util.hashing,1
numpy.distutils.core,1
_writer,1
period,1
hyperlink,1
openpyxl.descriptors.serialisable,1
pandas._libs.sparse,1
pandas.core.generic,1
pandas.core.sorting,1
pandas.core.window.numba_,1
pandas.io.parsers,1
pandas._libs.index,1
numpy.core.machar,1
openpyxl.worksheet._read_only,1
auxfuncs,1
missing,1
numpy.core._umath_tests,1
openpyxl.workbook.child,1
borders,1
setitem,1
nose.util,1
openpyxl.worksheet.drawing,1
py3k,1
dateutil.relativedelta,1
info,1
ole,1
_inspect,1
worksheet,1
pandas.util._test_decorators,1
drawings,1
pandas._config.display,1
pandas.compat.numpy,1
numpy.polynomial.chebyshev,1
nosetester,1
pandas.core.computation.engines,1
numpy._pytesttester,1
numpy.ma.testutils,1
et_xmlfile,1
openpyxl.cell.cell,1
matplotlib.units,1
datavalidation,1
pandas.core.groupby.ops,1
openpyxl.packaging.manifest,1
nose.plugins.errorclass,1
area_chart,1
pandas.core.missing,1
openpyxl.xml,1
pandas.io.stata,1
openpyxl.descriptors.sequence,1
numpy.ctypeslib,1
pandas.core.indexes.accessors,1
dateutil,1
numpy.core._multiarray_tests,1
book,1
matplotlib.table,1
pandas.tests.io.pytables.common,1
pandas.io.sas.sasreader,1
openpyxl.worksheet.filters,1
records,1
pandas.core.arrays._mixins,1
_iotools,1
pandas.io.excel._base,1
pandas._libs.properties,1
openpyxl.formatting.formatting,1
pandas.io.formats.info,1
pandas._libs.hashtable,1
pandas.io.html,1
Xlib.ext.xtest,1
pandas.plotting,1
pandas.tests.indexing.common,1
nattype,1
pandas.core.dtypes.missing,1
pandas.tests.extension.decimal,1
xdr,1
pandas._libs.tslibs.strptime,1
openpyxl.styles.borders,1
et_xmlfile.xmlfile,1
pandas.core.computation.align,1
conversion,1
pandas.core.computation.expressions,1
dateutil.tz,1
lzma,1
masked,1
pandas.core.indexes.datetimes,1
rule,1
updown_bars,1
numpy.core.getlimits,1
mmap,1
accessor,1
openpyxl.pivot.record,1
pandas.core.internals.concat,1
_polybase,1
pyrect,1
pandas.io.json,1
np_datetime,1
numpy.distutils.fcompiler.gnu,1
_dtype_like,1
pandas.io.excel._xlwt,1
pandas.tests.reshape.merge.test_merge,1
fractions,1
_shape,1
common_imports,1
numerictypes,1
pandas._libs.algos,1
pandas.core.indexes.frozen,1
_pcg64,1
ufunclike,1
_parser,1
axis,1
pandas.core.computation,1
pandas.tseries,1
pandas._libs.indexing,1
line_chart,1
pandas.core.window,1
pandas._libs.tslibs.dtypes,1
pandas.core.dtypes.common,1
pandas.tseries.frequencies,1
numpy.distutils.from_template,1
timemachine,1
pandas.core.computation.ops,1
numpy.matlib,1
trendline,1
numpy.matrixlib.defmatrix,1
openpyxl.worksheet.page,1
chebyshev,1
openpyxl.cell._writer,1
reshaping,1
openpyxl.worksheet._reader,1
pandas.io.gbq,1
openpyxl.packaging.extended,1
Cython.Build,1
openpyxl.formula,1
text,1
pandas.tests.arrays.categorical.common,1
pandas.core.ops.methods,1
pandas._libs.tslibs.conversion,1
pagebreak,1
reduce,1
table,1
pandas._libs.parsers,1
getlimits,1
openpyxl.xml.constants,1
timeit,1
_array_like,1
chartsheet,1
pandas.core.strings.object_array,1
pandas.util._tester,1
numpy.core._operand_flag_tests,1
numeric,1
pandas.util._decorators,1
pandas.core.internals.ops,1
numpy.distutils.cpuinfo,1
cell_style,1
numpy.core._simd,1
pandas.core.indexes.numeric,1
laguerre,1
genapi,1
numpy.distutils.misc_util,1
pandas.core.accessor,1
openpyxl.worksheet.table,1
pandas.core.reshape.concat,1
legendre,1
pandas.core.computation.pytables,1
numpy.linalg.tests.test_linalg,1
workbook,1
_chart,1
pandas.api,1
fromnumeric,1
openpyxl.workbook.smart_tags,1
distutils.command.build,1
pandas.core.computation.scope,1
pandas.core.dtypes.generic,1
pandas.io.sql,1
numpy.lib.recfunctions,1
pandas.core.arrays.floating,1
openpyxl.chart.text,1
pandas.core.dtypes.inference,1
pivot,1
pandas.core.arrays.sparse,1
pandas.io.clipboards,1
vectorized,1
numpy.f2py,1
pandas.core.arrays.sparse.array,1
printing,1
pandas._config.config,1
_factories,1
pandas.io.formats.excel,1
openpyxl.writer.excel,1
pandas.core.computation.expr,1
pandas.tseries.offsets,1
extras,1
pandas.core.array_algos.replace,1
pandas._testing,1
pandas.core.indexes.interval,1
numpy.polynomial.legendre,1
getitem,1
pandas.util._exceptions,1
pandas.io,1
stride_tricks,1
numpy.lib.histograms,1
pandas.core.arrays.boolean,1
keyword,1
fill,1
helper,1
pandas.core.tools,1
pandas.core.ops.docstrings,1
pandas.core.resample,1
shape_writer,1
numba,1
openpyxl.workbook.external_link.external,1
openpyxl.packaging.core,1
openpyxl.drawing.fill,1
pandas.core.util.numba_,1
openpyxl.descriptors,1
pandas._libs.ops,1
custom,1
openpyxl.worksheet.protection,1
crackfortran,1
pandas._libs.tslib,1
pandas.plotting._matplotlib.core,1
pandas.compat.pickle_compat,1
pandas.plotting._matplotlib.timeseries,1
pandas.io.pytables,1
openpyxl.drawing.spreadsheet_drawing,1
pandas.core.arrays.sparse.dtype,1
distutils.msvccompiler,1
environment,1
merge,1
code,1
_private.utils,1
pandas._libs.tslibs.ccalendar,1
pandas.core.groupby.categorical,1
numpy.lib.stride_tricks,1
pandas.core.strings,1
pandas.core.tools.datetimes,1
numpy.distutils.exec_command,1
pandas.core.computation.eval,1
dateutil.parser,1
label,1
pandas._libs.tslibs.nattype,1
openpyxl.chart.reader,1
timedeltas,1
matplotlib.lines,1
numpy.fft,1
pandas.plotting._matplotlib.hist,1
pandas.core.base,1
openpyxl.worksheet.worksheet,1
cell_range,1
distutils.msvc9compiler,1
numpy.distutils.mingw32ccompiler,1
offsets,1
pandas.plotting._core,1
pandas.util._print_versions,1
pandas.core.dtypes.concat,1
pandas.core.arrays.integer,1
numpy.lib.arraysetops,1
pandas.core.internals.blocks,1
multiarray,1
pandas.io.formats,1
openpyxl.styles.protection,1
numpy.lib._datasource,1
pandas.api.types,1
pandas.core.groupby.generic,1
openpyxl.utils.indexed_list,1
pandas.core.strings.base,1
geometry,1
pandas.tests.io.excel,1
matplotlib.patches,1
bar_chart,1
pandas.core.flags,1
namespace,1
pandas._libs.tslibs,1
arrayprint,1
openpyxl.compat,1
strings,1
openpyxl.chart.chartspace,1
datetimelike,1
pandas.core.array_algos.transforms,1
numpy.matrixlib,1
unittest.case,1
openpyxl.compat.numbers,1
numpy.ma,1
numpy.distutils.extension,1
_philox,1
openpyxl.cell.read_only,1
pandas._libs.lib,1
pandas.core.computation.parsing,1
numpy.version,1
pandas.core.api,1
numpy.ma.core,1
_datasource,1
numpy_api,1
pandas.io.parquet,1
multiprocessing.pool,1
test_offsets,1
publish,1
numpy.linalg.linalg,1
_type_aliases,1
pandas.plotting._matplotlib.misc,1
pandas.core.arrays.string_arrow,1
pandas.core.ops.roperator,1
_umath_tests,1
pandas.io.formats.printing,1
numpy.linalg._umath_linalg,1
distutils.command.config,1
setuptools.command.develop,1
openpyxl.worksheet.hyperlink,1
pandas.core.nanops,1
_globals,1
bz2,1
matplotlib.cm,1
numpy.core.numerictypes,1
pandas.core.groupby.grouper,1
test_generic,1
numpy.distutils.command.config,1
tz.win,1
openpyxl.cell.text,1
legend,1
openpyxl.utils.exceptions,1
umath,1
pandas._libs.ops_dispatch,1
pandas.tests.frame.common,1
openpyxl.comments.comment_sheet,1
distutils.command.install_headers,1
biffh,1
pandas.core.arrays.timedeltas,1
pandas._libs.window.aggregations,1
numpy.linalg.lapack_lite,1
timestamps,1
series_factory,1
AppKit,1
pandas.core.shared_docs,1
pandas.core.dtypes,1
pandas.util._validators,1
pandas.io.clipboard,1
openpyxl.compat.abc,1
numpy.core._string_helpers,1
child,1
tokenizer,1
openpyxl.workbook,1
pandas.io.excel._openpyxl,1
page,1
pandas.core.arrays.sparse.accessor,1
numpy.lib.index_tricks,1
openpyxl.reader.excel,1
nose,1
numpy.ma.mrecords,1
sequence,1
drawing,1
Xlib,1
pandas.core.internals.construction,1
pandas.util,1
pandas.plotting._matplotlib.boxplot,1
openpyxl.utils.bound_dictionary,1
arrays,1
views,1
scenario,1
pandas.core.frame,1
pandas._libs.tslibs.parsing,1
dtypes,1
numpy.polynomial,1
pandas.tseries.api,1
numpy.core.shape_base,1
pandas.core.indexes.category,1
openpyxl.utils.datetime,1
reference,1
numpy.random._common,1
numpy.core.multiarray,1
numpy.lib.utils,1
arraypad,1
related,1
methods,1
openpyxl.cell,1
openpyxl.chart._chart,1
openpyxl.workbook.views,1
_multiarray_umath,1
openpyxl.utils.cell,1
type_check,1
surface_chart,1
pandas.arrays,1
pandas.errors,1
hypothesis.extra,1
polynomial,1
pandas.core.dtypes.api,1
pandas._libs.tslibs.offsets,1
nanfunctions,1
cython,1
formula,1
Xlib.XK,1
pandas.plotting._matplotlib.converter,1
pandas._typing,1
named_styles,1
pandas.core.computation.check,1
matplotlib.transforms,1
stock_chart,1
pandas._libs.reduction,1
openpyxl.styles.colors,1
dateutil.tz.tz,1
openpyxl.workbook.defined_name,1
alignment,1
cell,1
plotarea,1
pandas.io.common,1
pandas.io.date_converters,1
graphic,1
numpy.core._ufunc_config,1
pandas.io.formats.css,1
openpyxl.utils.units,1
lxml.doctestcompare,1
pandas._libs.window.indexers,1
histograms,1
numpy.core._asarray,1
openpyxl.styles.alignment,1
numpy.lib._iotools,1
pandas.core.indexes.timedeltas,1
connector,1
pandas.io.feather_format,1
xmlfile,1
pandas._libs.hashing,1
pandas.core.groupby.base,1
pandas.core.ops,1
pandas.plotting._misc,1
pandas.core.aggregation,1
openpyxl.styles.differential,1
pandas.core.tools.times,1
numpy.lib.function_base,1
overrides,1
pandas.core.reshape.api,1
ops,1
setup_common,1
pandas.io.formats._color_data,1
openpyxl.descriptors.excel,1
numpy.distutils.command.config_compiler,1
hypothesis.errors,1
numpy.distutils.command,1
code_generators.genapi,1
numpy.core.tests._locales,1
numpy.lib.shape_base,1
pandas.core.common,1
openpyxl.styles.numbers,1
openpyxl._constants,1
author,1
openpyxl.worksheet.cell_range,1
pandas.core.arrays.period,1
error_bar,1
pandas.core.arrays.datetimes,1
pandas.core.arrays.string_,1
pandas.core.arrays.categorical,1
pandas.core.dtypes.cast,1
numpy.testing._private.utils,1
function_base,1
_reader,1
pandas.core.groupby,1
numpy.random,1
pandas._libs.tslibs.period,1
pandas.tests.arithmetic.common,1
title,1
pandas.core.internals,1
pandas._libs.internals,1
pandas.core.dtypes.dtypes,1
pandas.core.arraylike,1
openpyxl.xml.functions,1
protection,1
pandas.core.ops.invalid,1
numpy.linalg,1
pandas.core.reshape.merge,1
_ufunc_config,1
formatting,1
hypothesis.extra.numpy,1
openpyxl.styles.stylesheet,1
openpyxl.chartsheet,1
npyio,1
distutils.command.install_data,1
openpyxl.styles.fills,1
numpy.core.fromnumeric,1
pandas.io.orc,1
numpy.lib.mixins,1
data_source,1
numpy.lib.twodim_base,1
print_settings,1
pandas._libs.missing,1
pandas.io.api,1
comments,1
dateutil.zoneinfo,1
arraysetops,1
openpyxl.worksheet.dimensions,1
pandas.core.reshape.pivot,1
_string_helpers,1
openpyxl.compat.product,1
numpy.typing,1
distutils.cygwinccompiler,1
pandas.core.arrays._ranges,1
openpyxl.styles.styleable,1
code_generators.numpy_api,1
theme,1
openpyxl.styles,1
pandas.core,1
pytz.tzinfo,1
pandas._libs.tslibs.timedeltas,1
pandas.core.indexes.api,1
ytmonsterclient,1
Bot,1
pystyle,1
pyvirtualdisplay,1
matplotlib.pyplot,1
youtube_ids,1
youtubeData,1
keys,1
headers,1
requests.structures,1
pywhatkit,1
opplast,1
moviepy.editor,1
clips,1
twitchtube,1
twitchtube.video,1
dotenv,1
transcriber,1
youtube_dl,1
pytube,1
modules.youtube,1
modules,1
tkinter.ttk,1
PIL,1
proxylist,1
pyyoutube.models,1
discord.ext.commands.cooldowns,1
selenium.webdriver.firefox.service,1
asyncio.tasks,1
discord_buttons_plugin,1
pyytdata,1
discord.ext.commands,1
pyyoutube,1
pynput.keyboard,1
youtube,1
PyQt5.QtWidgets,1
PyQt5,1
RC,1
google,1
schedule,1
kivy.uix.anchorlayout,1
kivy.uix.textinput,1
kivy.uix.label,1
kivy.uix.boxlayout,1
kivy.uix.gridlayout,1
kivy.uix.dropdown,1
environs,1
kivy.app,1
kivy.uix.button,1
smtplib,1
googlesearch,1
tornado.escape,1
picklepersistence,1
inline.inlinequeryresultcachedvoice,1
message,1
callbackcontext,1
precheckoutqueryhandler,1
tornado.websocket,1
passport.passportfile,1
inline.inputvenuemessagecontent,1
passport.passportdata,1
tornado.concurrent,1
tornado.platform.auto,1
wheel.cli,1
inline.inlinequeryresultcachedgif,1
inline.inlinequeryresultmpeg4gif,1
cryptography.hazmat.primitives.twofactor.utils,1
toml,1
tornado.log,1
files.document,1
inline.inlinequeryresultdocument,1
files.venue,1
chataction,1
files.audio,1
payment.invoice,1
py27compat,1
datrie,1
cryptography.x509.ocsp,1
inline.inlinequeryresultgif,1
twisted.internet.abstract,1
pycares,1
selectors,1
payment.shippingquery,1
updater,1
pkg_resources.py31compat,1
tornado.locale,1
inline.inlinequeryresultcacheddocument,1
callbackquery,1
inline.inputlocationmessagecontent,1
tornado.routing,1
pip._internal.utils.marker_files,1
telegram.poll,1
files.file,1
YouTubeClass,1
pollanswerhandler,1
cryptography.hazmat.backends.openssl.decode_asn1,1
inline.inputcontactmessagecontent,1
inline.inlinequeryresultcachedvideo,1
pip._internal.legacy_resolve,1
extern,1
telegram.passport.credentials,1
stringcommandhandler,1
writer,1
setuptools.py31compat,1
regexhandler,1
setuptools.extern.six.moves,1
keyboardbuttonpolltype,1
passport.credentials,1
wheel.wheelfile,1
files.sticker,1
inline.inlinequeryresultcachedaudio,1
pip._internal,1
setuptools.extern.six.moves.urllib,1
games.callbackgame,1
pycurl,1
telegram.utils.webhookhandler,1
replykeyboardremove,1
inline.inlinequeryresultcachedphoto,1
messageentity,1
macosx_libfile,1
messagequeue,1
bdist_wheel,1
commandhandler,1
py31compat,1
payment.orderinfo,1
pip._internal.pep425tags,1
inline.inlinequery,1
twisted.names.hosts,1
conversationhandler,1
inline.inlinequeryresultlocation,1
inline.inlinekeyboardbutton,1
pkg_resources.extern.six.moves.urllib,1
langcyrillicmodel,1
files.location,1
gettext,1
messagehandler,1
inline.inlinequeryresultaudio,1
payment.labeledprice,1
py33compat,1
dispatcher,1
twisted.internet.asyncioreactor,1
cryptography.hazmat.backends.openssl.ocsp,1
tornado.wsgi,1
inline.inlinequeryresultgame,1
tornado.iostream,1
files.animation,1
inline.inlinequeryresultphoto,1
tornado.ioloop,1
parser,1
twisted.python,1
passport.passportelementerrors,1
tornado.util,1
inline.inlinequeryresultvenue,1
inline.inputmessagecontent,1
chatmember,1
inlinequeryhandler,1
decorator,1
email.generator,1
tornado.test,1
tornado.template,1
tornado.tcpserver,1
defaults,1
games.game,1
tornado.simple_httpclient,1
inline.inlinequeryresult,1
wheelfile,1
tornado.httputil,1
http.cookies,1
tornado.locks,1
inline.inlinequeryresultcachedsticker,1
files.inputfile,1
update,1
setuptools.py27compat,1
pkg_resources.extern.six.moves,1
telegram.utils.deprecate,1
fcntl,1
files.inputmedia,1
wheel.util,1
wsgiref.validate,1
files.videonote,1
pip._vendor.six.moves.urllib.parse,1
inline.inlinequeryresultvideo,1
tornado.netutil,1
cryptography.hazmat._der,1
twisted.names.cache,1
inline.inlinequeryresultcachedmpeg4gif,1
tornado.auth,1
passport.encryptedpassportelement,1
webhookinfo,1
shippingqueryhandler,1
parsemode,1
inline.inlinekeyboardmarkup,1
userprofilephotos,1
games.gamehighscore,1
tornado.options,1
typehandler,1
inline.inputtextmessagecontent,1
test,1
choseninlineresulthandler,1
payment.precheckoutquery,1
basepersistence,1
payment.shippingaddress,1
dice,1
tornado.platform.asyncio,1
chatpermissions,1
tornado.web,1
replykeyboardmarkup,1
payment.successfulpayment,1
cryptography.hazmat.backends,1
tornado.testing,1
user,1
keyboardbutton,1
telegram.ext.handler,1
tornado.http1connection,1
pkginfo,1
tornado.queues,1
inline.inlinequeryresultarticle,1
telegram.utils,1
tornado.test.httpclient_test,1
tornado.gen,1
dictpersistence,1
telegram.utils.request,1
cryptography.hazmat.bindings._padding,1
files.video,1
files.voice,1
passport.data,1
botcommand,1
twisted.names.resolve,1
bot,1
files.contact,1
payment.shippingoption,1
stringregexhandler,1
twisted.internet.defer,1
telegram.utils.promise,1
telegram.ext.callbackcontext,1
callbackqueryhandler,1
six.moves.urllib.parse,1
telegram.utils.helpers,1
poll,1
files.chatphoto,1
tornado.httpclient,1
chat,1
tornado._locale_data,1
choseninlineresult,1
pip._internal.utils.ui,1
inline.inlinequeryresultcontact,1
pep425tags,1
tornado.httpserver,1
loginurl,1
files.photosize,1
twisted.names.client,1
tornado.process,1
cryptography.hazmat.backends.openssl.encode_asn1,1
setuptools.py33compat,1
imghdr,1
tornado.test.util,1
replymarkup,1
jobqueue,1
tornado.test.runtests,1
pollhandler,1
handler,1
inline.inlinequeryresultvoice,1
pip._vendor.six.moves.urllib,1
cryptography.hazmat.backends.interfaces,1
tornado.tcpclient,1
forcereply,1
setuptools.extern.six,1
telegram.error,1
trio._tools.gen_exports,1
_timeouts,1
altgraph.GraphUtil,1
handshake,1
attr.exceptions,1
selenium.webdriver.common.service,1
_run,1
_windows_cffi,1
selenium.types,1
wheel_actions,1
util.ssl_match_hostname,1
_core._windows_cffi,1
_generated_run,1
trio._highlevel_open_tcp_stream,1
selenium.webdriver.chromium.webdriver,1
selenium.webdriver.edge.options,1
_events,1
trio._highlevel_open_unix_stream,1
_io_common,1
PyInstaller.depend,1
_version_info,1
_thread,1
trustme,1
edge.options,1
_highlevel_open_tcp_stream,1
_highlevel_socket,1
_multierror,1
xml.dom.minidom,1
multiprocessing.spawn,1
trio._core,1
OpenSSL.version,1
PyInstaller.building.templates,1
cryptography.hazmat.primitives.serialization.pkcs12,1
_asyncgens,1
_connection,1
OpenSSL._util,1
outcome,1
PyInstaller.depend.utils,1
pip._internal.commands.search,1
_highlevel_generic,1
_make,1
_headers,1
readChannels,1
wsproto,1
PyInstaller.depend.imphook,1
trio._util,1
macholib.mach_o,1
django.conf,1
_core.tests.test_ki,1
tensorflow,1
h11._version,1
lowlevel,1
_config,1
shadowroot,1
http,1
PyInstaller.building.makespec,1
usb.backend.openusb,1
PyInstaller.log,1
_socket,1
_readers,1
_channel,1
PyInstaller,1
OpenSSL,1
_checkpoints,1
selenium.webdriver.common.options,1
cryptography.hazmat.primitives._asymmetric,1
pip._vendor.tenacity._asyncio,1
win32com,1
attr.setters,1
_mock_clock,1
simple_excepthook,1
selenium.webdriver.chromium.options,1
PyInstaller._shared_with_waf,1
boto.exception,1
_signals,1
PyInstaller.archive.writers,1
PyInstaller.loader,1
attr,1
IPython,1
_subprocess_platform,1
selenium.webdriver.chromium.remote_connection,1
common.keys,1
wpewebkit.options,1
PyInstaller.building.icon,1
_highlevel_open_unix_stream,1
_parking_lot,1
_cmp,1
PyInstaller.utils.hooks.win32,1
PyInstaller.archive,1
_traps,1
cryptography.hazmat.primitives._serialization,1
django.core.management,1
selenium.webdriver.chromium,1
trio_websocket,1
PyInstaller.lib.modulegraph.util,1
h11._headers,1
django.utils.autoreload,1
PyInstaller.depend.dylib,1
sortedlist,1
wsproto.connection,1
_instrumentation,1
tutil,1
win32com.gen_py,1
testing,1
PyInstaller.utils.hooks.qt,1
altgraph,1
cryptography.hazmat.bindings.openssl.binding,1
conftest,1
trio.abc,1
events,1
PyInstaller.building.utils,1
wsproto.utilities,1
PyInstaller.exceptions,1
_memory_streams,1
PyInstaller.config,1
traitlets.traitlets,1
_wait_for_object,1
astor,1
PyInstaller.utils.win32,1
PyInstaller.utils.conftest,1
_writers,1
PyInstaller.lib.modulegraph,1
jupyter_core.paths,1
_core.tests.tutil,1
PyInstaller.utils.tests,1
_sync,1
attr.validators,1
apport_python_hook,1
cryptography.hazmat.bindings._rust,1
enchant,1
OpenSSL.crypto,1
PyInstaller.lib.modulegraph.modulegraph,1
h11._state,1
PyInstaller.loader.pyimod02_archive,1
pywintypes,1
boto,1
wpewebkit.webdriver,1
frame_protocol,1
PyInstaller.depend.bindepend,1
trio._file_io,1
_unbounded_queue,1
django,1
_util,1
socketserver,1
_funcs,1
h11._util,1
_wakeup_socketpair,1
wsproto.frame_protocol,1
_abc,1
attr.filters,1
PyInstaller.building.api,1
attr.converters,1
_entry_queue,1
pip._internal.utils._log,1
_deprecate,1
_threads,1
pygraphviz,1
_impl,1
altgraph.Graph,1
_abnf,1
cryptography.hazmat.primitives.asymmetric.types,1
PyInstaller.utils.hooks.gi,1
async_generator,1
trio._path,1
PyInstaller.utils.git,1
PyInstaller.building,1
trio.tests.conftest,1
_file_io,1
PyInstaller.building.osx,1
pip._internal.metadata.base,1
PyInstaller.utils.misc,1
testing._check_streams,1
_state,1
_highlevel_serve_listeners,1
altgraph.ObjectGraph,1
helpers,1
_generated_instrumentation,1
selenium.webdriver.common.print_page_options,1
PyInstaller.utils,1
test_ssl,1
PyInstaller.lib.modulegraph.find_modules,1
pyimod03_importers,1
pyimod02_archive,1
extensions,1
trio.socket,1
pyimod01_os_path,1
http.server,1
_sequencer,1
_path,1
sorteddict,1
PyInstaller.building.toc_conversion,1
_highlevel_open_tcp_listeners,1
h11,1
attr._next_gen,1
xml,1
_receivebuffer,1
contextvars,1
modulegraph,1
cryptography.hazmat.primitives._cipheralgorithm,1
PyInstaller.utils.hooks.tcl_tk,1
utilities,1
common.by,1
script_key,1
bidi_connection,1
_parent,1
testing._memory_streams,1
PyInstaller.utils.hooks,1
selenium.webdriver.common.timeouts,1
wsproto.events,1
PyInstaller.building.datastruct,1
pip._vendor.tomli._parser,1
_thread_cache,1
_network,1
_highlevel_ssl_helpers,1
pyimod04_ctypes,1
sniffio,1
_ssl,1
pip._vendor.tomli._re,1
_local,1
_frozen_importlib,1
PyInstaller.archive.readers,1
_core,1
PyInstaller.depend.imphookapi,1
PyInstaller.building.splash,1
macholib.MachO,1
trio,1
PyInstaller.compat,1
_ki,1
_trio_test,1
PyInstaller.depend.analysis,1
trio.testing,1
pefile,1
PyInstaller.utils.cliutils,1
h11._connection,1
wheel_input,1
selenium.webdriver.support.relative_locator,1
h11._events,1
_subprocess,1
sortedcontainers,1
sortedset,1
_check_streams,1
chromedriver_binary,1
video,1
isodate,1
youtubeApi,1
chromedriver_autoinstaller,1
pynput.mouse,1
keyboard,1
mouse,1
tkinter.messagebox,1
MySQLdb,1
feature_functions,1
bot_users,1
MaxEnt,1
nltk.stem,1
scipy.optimize,1
lib,1
speech_recognition,1
sounddevice,1
scipy.io.wavfile,1
settings,1
soundfile,1
AuthGoogle,1
soupsieve,1
utils_worker,1
bs4.testing,1
webdriver_manager.manager,1
chardet.compat,1
bs4.formatter,1
bs4.builder,1
urllib3.response,1
chrome,1
difflib,1
html5lib.treebuilders.etree_lxml,1
auto,1
webdriver_manager.utils,1
dask.callbacks,1
backports.configparser,1
lxml.builder,1
cProfile,1
bs4.builder._htmlparser,1
soupparser,1
webdriver_manager.archive,1
bs4.element,1
edge,1
urllib3.fields,1
__meta__,1
dammit,1
std,1
webdriver_manager,1
html.parser,1
webdriver_manager.logger,1
bs4.dammit,1
urllib3.poolmanager,1
pstats,1
pip._vendor.tenacity.compat,1
misc,1
html5lib.treebuilders,1
xml.etree,1
chardet,1
webdriver_manager.driver_cache,1
opera,1
notebook,1
urllib3.filepost,1
html5lib.constants,1
tqdm.utils,1
tqdm,1
rich.progress,1
ie,1
urllib3.util.retry,1
_monitor,1
element,1
bs4.tests,1
tqdm.auto,1
_tqdm_pandas,1
chardet.universaldetector,1
builder,1
urllib3.util,1
lxml.html,1
chardet.sbcharsetprober,1
_setmixin,1
html5lib,1
gecko,1
diff,1
webdrivermanager,1
cli,1
xml.sax.handler,1
webdriver_manager.driver,1
edgechromium,1
appdirs,1
gui,1
